algo,episode,event_idx,total_ms,find_path_ms,path_points,path_length
AStar,0,0,99.92012300062925,99.91372900185524,283,311.82337649086327
AStar,0,1,70.04764700104715,70.03589300074964,283,311.82337649086327
AStar,0,2,87.99872099916684,87.97129999948083,283,311.82337649086327
AStar,0,3,85.56911900086561,85.5576399990241,283,311.82337649086327
AStar,0,4,88.61571300076321,88.60060599909048,283,311.82337649086327
AStar,0,5,87.17218399760895,87.1608820016263,283,311.82337649086327
AStar,0,6,99.65498299789033,99.64439000032144,281,314.7939392393404
AStar,0,7,100.74524499941617,100.73628299869597,281,314.7939392393404
AStar,0,8,97.68076399996062,97.66918099921895,281,314.7939392393404
AStar,0,9,96.24085599716636,96.22963100264315,281,314.7939392393404
AStar,1,0,61.67960400125594,61.665849996643374,281,289.9411254969543
AStar,1,1,59.82966500232578,59.81901100312825,281,289.9411254969543
AStar,1,2,59.061347998067504,59.04941900007543,281,289.9411254969543
AStar,1,3,61.12456999835558,61.11039899769821,281,289.9411254969543
AStar,1,4,67.18827999793575,67.17700400258764,281,291.59797974644675
AStar,1,5,61.79152999902726,61.77004499841132,281,291.59797974644675
AStar,1,6,59.13834099919768,59.123294999153586,281,291.59797974644675
AStar,1,7,59.225310000329046,59.213453001575544,281,291.59797974644675
AStar,1,8,63.85706199944252,63.84697400062578,281,291.59797974644675
AStar,1,9,62.14689899934456,62.13600399860297,281,291.59797974644675
AStar,2,0,63.083851000556024,63.071913999010576,281,293.25483399593924
AStar,2,1,63.320922999992035,63.310143999842694,281,293.25483399593924
AStar,2,2,60.2819069972611,60.2718440022727,281,293.25483399593924
AStar,2,3,62.29485899893916,62.282822000270244,281,293.25483399593924
AStar,2,4,67.52285700349603,67.51177100159111,281,293.25483399593924
AStar,2,5,63.94963699858636,63.93911800114438,281,293.25483399593924
AStar,2,6,63.215827998647,63.2062330005283,281,293.25483399593924
AStar,2,7,61.774456000421196,61.762479999742936,281,293.25483399593924
AStar,2,8,63.44607099890709,63.43504899996333,281,293.25483399593924
AStar,2,9,60.88195199845359,60.868829998071305,281,293.25483399593924
AStar,3,0,68.519627002388,68.50706299883313,281,291.59797974644675
AStar,3,1,65.63008699959028,65.61777900060406,281,291.59797974644675
AStar,3,2,70.58906000020215,70.57785399956629,281,291.59797974644675
AStar,3,3,65.76362299892935,65.7534520032641,281,291.59797974644675
AStar,3,4,64.00054700134206,63.98998900112929,281,291.59797974644675
AStar,3,5,68.80272900161799,68.79274699895177,281,291.59797974644675
AStar,3,6,69.80112900055246,69.79003499873215,281,291.59797974644675
AStar,3,7,65.79538400183083,65.78468199950294,281,291.59797974644675
AStar,3,8,68.17404400135274,68.1612349981151,281,291.59797974644675
AStar,3,9,66.40106199847651,66.39110700052697,281,291.59797974644675
AStar,4,0,80.46790300068096,80.45315200070036,281,297.39696961967036
AStar,4,1,83.02435599762248,83.01375900191488,281,297.39696961967036
AStar,4,2,78.83871299782186,78.82711499769357,281,297.39696961967036
AStar,4,3,83.8598530026502,83.84848400237388,281,297.39696961967036
AStar,4,4,77.64162500097882,77.63036599862971,281,297.39696961967036
AStar,4,5,85.06000299894367,85.0488679971022,281,297.39696961967036
AStar,4,6,79.17407900094986,79.16323300014483,281,297.39696961967036
AStar,4,7,84.5442979989457,84.53492600165191,281,299.0538238691628
AStar,4,8,58.45580299865105,58.443867001187755,281,299.0538238691628
AStar,4,9,74.70441400073469,74.69348599988734,281,299.0538238691628
AStar,5,0,54.4796159992984,54.46825300168712,281,280.8284271247462
AStar,5,1,49.151120001624804,49.140208000608254,281,280.8284271247462
AStar,5,2,49.78547999780858,49.775615996622946,281,280.8284271247462
AStar,5,3,51.81526099840994,51.80518600172945,281,280.8284271247462
AStar,5,4,49.58304500178201,49.5721430015692,281,280.8284271247462
AStar,5,5,49.183840998011874,49.17249899881426,281,280.8284271247462
AStar,5,6,52.3624560009921,52.35122700105421,281,280.8284271247462
AStar,5,7,52.408210998692084,52.398381998500554,281,280.8284271247462
AStar,5,8,56.27978600023198,56.26898500122479,281,287.4558441227157
AStar,5,9,61.04990400126553,61.0390660003759,281,287.4558441227157
AStar,6,0,53.568028000881895,53.408996001962805,281,280.0
AStar,6,1,50.869831000454724,50.859245002357056,281,280.0
AStar,6,2,50.84500900193234,50.834862999181496,281,280.0
AStar,6,3,50.45807900023647,50.44721000012942,281,280.0
AStar,6,4,50.06657799822278,50.0568370007386,281,280.0
AStar,6,5,72.89633500113268,72.88109699948109,282,298.8111831820436
AStar,6,6,76.15468799849623,76.14569399811444,282,298.8111831820436
AStar,6,7,75.43341999917175,75.42174199988949,282,298.8111831820436
AStar,6,8,78.46198400147841,78.45078099853708,282,298.8111831820436
AStar,6,9,78.38073699895176,78.36901900009252,282,298.8111831820436
AStar,7,0,58.319194002251606,58.30790500112926,281,281.6568542494924
AStar,7,1,55.96468899966567,55.954239000129746,281,281.6568542494924
AStar,7,2,56.22972600031062,56.21967399929417,281,281.6568542494924
AStar,7,3,54.844190999574494,54.83286600065185,281,281.6568542494924
AStar,7,4,54.57499199837912,54.56510099975276,281,281.6568542494924
AStar,7,5,55.86761000085971,55.85881799925119,281,281.6568542494924
AStar,7,6,58.425186998647405,58.412791000591824,281,285.79898987322343
AStar,7,7,61.854827999923145,61.84251200102153,281,285.79898987322343
AStar,7,8,58.63054699875647,58.619060000637546,281,285.79898987322343
AStar,7,9,60.74047600122867,60.729518001608085,281,285.79898987322343
AStar,8,0,33.03718799725175,33.02422400156502,281,280.0
AStar,8,1,46.51859399746172,46.50882799978717,281,280.0
AStar,8,2,50.059225999575574,50.04885200105491,281,280.0
AStar,8,3,53.784085997904185,53.773869996803114,281,282.4852813742385
AStar,8,4,52.657011001429055,52.64760399950319,281,282.4852813742385
AStar,8,5,52.89787700166926,52.88725999707822,281,282.4852813742385
AStar,8,6,52.35947099936311,52.35137999989092,281,282.4852813742385
AStar,8,7,53.979838001396274,53.968611002346734,281,282.4852813742385
AStar,8,8,51.09621600058745,51.08613499760395,281,282.4852813742385
AStar,8,9,55.55853500118246,55.54800800018711,281,282.4852813742385
AStar,9,0,78.20058599827462,78.19014499909827,281,299.882250993909
AStar,9,1,82.35566500297864,82.3446979993605,281,299.882250993909
AStar,9,2,77.56193800014444,77.55155199993169,281,299.882250993909
AStar,9,3,78.90063699960592,78.88779799759504,281,299.882250993909
AStar,9,4,75.51238700034446,75.50248299958184,281,299.882250993909
AStar,9,5,78.09075100158225,78.07835600033286,281,299.882250993909
AStar,9,6,80.82017100241501,80.80862800125033,281,299.882250993909
AStar,9,7,77.69031899806578,77.67813100144849,281,299.882250993909
AStar,9,8,82.3630820013932,82.35170999978436,281,299.882250993909
AStar,9,9,74.81071800066275,74.80007399863098,281,299.882250993909
DStarLite,0,0,180.19592700147768,175.11320799894747,283,311.8233764908632
DStarLite,0,1,23.12812400123221,1.3193730010243598,283,311.8233764908632
DStarLite,0,2,5.2780689984501805,1.3415020002867095,283,311.8233764908632
DStarLite,0,3,9.127833000093233,1.545593000628287,283,311.8233764908632
DStarLite,0,4,7.943802000227151,2.9494410009647254,283,311.8233764908632
DStarLite,0,5,9.05309399968246,1.528051001514541,283,311.8233764908632
DStarLite,0,6,174.62894900018,167.27776499828906,281,314.79393923934043
DStarLite,0,7,11.31950700073503,1.5142709999054205,281,314.79393923934043
DStarLite,0,8,17.85137800106895,10.156515996641247,281,314.79393923934043
DStarLite,0,9,8.943851000367431,1.5274979996320326,281,314.79393923934043
DStarLite,1,0,8.301483001559973,1.5887850022409111,281,289.9411254969543
DStarLite,1,1,24.589644999650773,1.5035270007501822,281,289.9411254969543
DStarLite,1,2,8.63415999992867,1.493442996434169,281,289.9411254969543
DStarLite,1,3,8.15317100204993,1.3917440010118298,281,289.9411254969543
DStarLite,1,4,161.82540700174286,156.49032500004978,281,291.59797974644675
DStarLite,1,5,9.979772999940906,4.170862001046771,281,291.59797974644675
DStarLite,1,6,7.639841001946479,1.467242997023277,281,291.59797974644675
DStarLite,1,7,10.561634997429792,1.895246998174116,281,291.59797974644675
DStarLite,1,8,8.279411998955766,1.5528190015174914,281,291.59797974644675
DStarLite,1,9,8.649658000649652,1.441150001483038,281,291.59797974644675
DStarLite,2,0,6.2807630019960925,1.2857129986514337,281,293.25483399593924
DStarLite,2,1,24.2796870006714,1.4971890013839584,281,293.25483399593924
DStarLite,2,2,9.761113000422483,4.065945002366789,281,293.25483399593924
DStarLite,2,3,7.337432998610893,1.5206839998427313,281,293.25483399593924
DStarLite,2,4,7.201545999123482,1.480008002545219,281,293.25483399593924
DStarLite,2,5,6.959083999390714,1.4192529997671954,281,293.25483399593924
DStarLite,2,6,6.487914997705957,1.504759999079397,281,293.25483399593924
DStarLite,2,7,21.93458900001133,14.097390001552412,281,293.25483399593924
DStarLite,2,8,8.424806997936685,1.4713689997734036,281,293.25483399593924
DStarLite,2,9,8.72787299886113,1.539832999696955,281,293.25483399593924
DStarLite,3,0,7.958284000778804,1.491483999416232,281,291.59797974644675
DStarLite,3,1,24.644763998367125,1.4458590012509376,281,291.59797974644675
DStarLite,3,2,7.288815999345388,1.456065998354461,281,291.59797974644675
DStarLite,3,3,7.796077999955742,1.4722960004291963,281,291.59797974644675
DStarLite,3,4,8.27535400094348,1.562975001434097,281,291.59797974644675
DStarLite,3,5,9.544360000290908,3.5002280019398313,281,291.59797974644675
DStarLite,3,6,8.493262001138646,1.5476070002478082,281,291.59797974644675
DStarLite,3,7,7.93422600327176,1.5614379990438465,281,291.59797974644675
DStarLite,3,8,7.8988479981489945,1.6644950010231696,281,291.59797974644675
DStarLite,3,9,8.789632996922592,1.5410119995067362,281,291.59797974644675
DStarLite,4,0,7.939004000945715,1.571369997691363,281,297.39696961967013
DStarLite,4,1,24.673781997989863,1.9025109977519605,281,297.39696961967013
DStarLite,4,2,8.144035000441363,1.5388799984066281,281,297.39696961967013
DStarLite,4,3,76.46136299808859,68.47595400176942,281,297.3969696196703
DStarLite,4,4,8.480673997837584,1.6608270016149618,281,297.3969696196703
DStarLite,4,5,9.938879000401357,1.793935996829532,281,297.3969696196703
DStarLite,4,6,10.438074001285713,1.5253299970936496,281,297.3969696196703
DStarLite,4,7,165.11998799978755,158.52474900020752,281,299.0538238691627
DStarLite,4,8,9.497671002463903,1.3926639985584188,281,299.0538238691627
DStarLite,4,9,9.346234000986442,1.5385510014311876,281,299.0538238691627
DStarLite,5,0,8.7145090001286,1.4219820004655048,281,280.8284271247462
DStarLite,5,1,22.246043001359794,1.6824980011733714,281,280.8284271247462
DStarLite,5,2,7.839219000743469,1.6558739989704918,281,280.8284271247462
DStarLite,5,3,7.358648002991686,1.5156469999055844,281,280.8284271247462
DStarLite,5,4,6.586732000869233,1.435517999198055,281,280.8284271247462
DStarLite,5,5,6.576924999535549,1.502923001680756,281,280.8284271247462
DStarLite,5,6,11.588208999455674,1.4780609999434091,281,280.8284271247462
DStarLite,5,7,7.872842001233948,1.5182800016191322,281,280.8284271247462
DStarLite,5,8,140.95925400033593,134.77234599849908,281,287.4558441227157
DStarLite,5,9,10.53089299966814,1.8255169998155907,281,287.4558441227157
DStarLite,6,0,5.90770299822907,1.3017999990552198,281,280.0
DStarLite,6,1,25.800112998695113,1.593291999597568,281,280.0
DStarLite,6,2,8.472606001305394,1.4384300011442974,281,280.0
DStarLite,6,3,7.497950002289144,1.4829940009803977,281,280.0
DStarLite,6,4,10.321391000616131,1.5921289996185806,281,280.0
DStarLite,6,5,265.9297760001209,257.5828740009456,282,298.81118318204335
DStarLite,6,6,8.476156999677187,1.6039010006352328,282,298.81118318204335
DStarLite,6,7,71.18892099970253,64.76563699834514,282,298.81118318204335
DStarLite,6,8,9.309911998570897,1.9146199992974289,282,298.81118318204335
DStarLite,6,9,12.265380002645543,1.6742440020607319,282,298.81118318204335
DStarLite,7,0,8.047742001508595,2.152649001800455,281,281.6568542494924
DStarLite,7,1,24.35862699712743,1.3986560006742366,281,281.6568542494924
DStarLite,7,2,7.2475119995942805,1.701961999060586,281,281.6568542494924
DStarLite,7,3,9.17792499967618,1.502116003393894,281,281.6568542494924
DStarLite,7,4,8.249652000813512,1.46464899808052,281,281.6568542494924
DStarLite,7,5,6.692580001981696,1.5014460004749708,281,281.6568542494924
DStarLite,7,6,103.67422399940551,95.77931799867656,281,285.79898987322343
DStarLite,7,7,9.641676002502209,1.6489730005559977,281,285.79898987322343
DStarLite,7,8,16.41677799852914,9.3689440000162,281,285.79898987322343
DStarLite,7,9,8.4129250026308,1.448396000341745,281,285.79898987322343
DStarLite,8,0,7.650799001567066,1.9304990019008983,281,280.0
DStarLite,8,1,24.142647002008744,1.3948840023658704,281,280.0
DStarLite,8,2,5.848840999533422,1.3284119995660149,281,280.0
DStarLite,8,3,68.37844999972731,63.1200070019986,281,282.4852813742385
DStarLite,8,4,7.4527570031932555,1.5667619991290849,281,282.4852813742385
DStarLite,8,5,9.892884001601487,1.5660850003769156,281,282.4852813742385
DStarLite,8,6,6.734198999765795,1.6491599999426398,281,282.4852813742385
DStarLite,8,7,8.458107000478776,1.475359000323806,281,282.4852813742385
DStarLite,8,8,7.834039999579545,1.498040001024492,281,282.4852813742385
DStarLite,8,9,7.895442002336495,1.9750190003833268,281,282.4852813742385
DStarLite,9,0,8.453858998109354,1.4449839982262347,281,299.882250993909
DStarLite,9,1,26.938334998703795,1.4278250018833205,281,299.882250993909
DStarLite,9,2,7.686425000429153,1.409663000231376,281,299.882250993909
DStarLite,9,3,7.446325998898828,1.4532189998135436,281,299.882250993909
DStarLite,9,4,16.396500999690033,8.093569998891326,281,299.882250993909
DStarLite,9,5,8.794679000857286,1.6946929972618818,281,299.882250993909
DStarLite,9,6,8.689409998623887,1.4648239994130563,281,299.882250993909
DStarLite,9,7,8.818054000585107,1.615936002053786,281,299.882250993909
DStarLite,9,8,9.37619199976325,1.4958030005800538,281,299.882250993909
DStarLite,9,9,8.310214001539862,1.4424299988604616,281,299.882250993909
